township,basin,river,twd97lon,twd97lat,twd97tm2x,twd97tm2y,siteaddress,statusofuse,siteid,sitename,siteengname,county
三星鄉,蘭陽溪流域,羅東溪,121.7530833,24.7028333,326199.48,2733072.79,宜蘭縣三星鄉196縣道上(復興路三段與羅三公路交接處,啟用,1724,歪仔歪橋,"Waizihwai Bridge",宜蘭縣
牡丹鄉,牡丹溪流域,牡丹溪,120.8075833,22.1448611,230152.84,2449608.71,佳德橋,停用,1723,佳德橋,"Jade Bridge",屏東縣
牡丹鄉,四重溪流域,四重溪,120.7797222,22.1537222,227280.47,2450593.73,佳洛峝橋,停用,1722,佳洛峝橋,"Jialuoqiao Bridge",屏東縣
大樹區,高屏溪流域,高屏溪,120.4358333,22.6876111,192033.09,2509802.14,高屏溪攔河堰,停用,1721,高屏溪攔河堰,"Gaoping River Dike",高雄市
小港區,東港溪流域,東港溪,120.4617222,22.5046944,194620.06,2489537.76,屏東縣新園鄉港西村台27線76公里處,停用,1720,港西抽水站(入庫溪流),"Gangci Pomping Station",高雄市
鳥松區,高屏溪流域,高屏溪,120.4316944,22.6516667,191592.60,2505823.56,九曲堂抽水站,停用,1719,九曲堂抽水站,"Jioucyutang drainage pump station",高雄市
內門區,高屏溪流域,旗山溪,120.4722778,22.9174444,195868.61,2535238.62,圓潭子隧道出口,停用,1718,圓潭子隧道出口,"Yuantanzi tunnel",高雄市
燕巢區,阿公店溪流域,阿公店溪,120.3615833,22.8032222,184459.01,2522635.13,高雄市燕巢區西燕村紅山巷(高29-1線0.6公里處),停用,1717,蓬萊橋(入庫溪流),"Agongdian River",高雄市
燕巢區,阿公店溪流域,阿公店溪,120.3580278,22.8312222,184107.46,2525737.30,新尖大橋,停用,1716,新尖大橋,"Shinjian Bridge",高雄市
官田區,曾文溪流域,曾文溪,120.5024167,23.2290556,199077.63,2569734.70,曾文三橋,停用,1715,曾文三橋,"Zengwun Bridge No. 3",臺南市
南化區,曾文溪流域,菜寮溪,120.4957222,23.0589444,198327.34,2550899.30,鏡面二號橋,停用,1714,鏡面二號橋,"Jingmian Bridge No. 2",臺南市
南化區,曾文溪流域,後堀溪,120.5973056,23.1733889,208771.56,2563540.21,瑞峰國小(旁無名橋),停用,1713,瑞峰國小(旁無名橋),"Rueifong Elementary School",臺南市
白河區,急水溪流域,白水溪,120.4802222,23.3461389,196852.72,2582708.48,白水溪橋,停用,1712,白水溪橋,"Baishui River Bridge",臺南市
大埔鄉,曾文溪流域,曾文溪,120.6134361,23.3296306,210469.12,2580837.66,沙崙橋,停用,1711,沙崙橋,"Shalun Bridge",嘉義縣
東區,八掌溪流域,八掌溪,120.5303889,23.4531389,202020.92,2594540.22,吳鳳橋,停用,1710,吳鳳橋,"Wufeng Bridge",嘉義市
竹山鎮,濁水溪流域,清水溪(投),120.6566667,23.6269167,214968.61,2613748.28,南投縣竹山鎮149乙線5公里處,停用,1709,瑞草橋(入庫溪流),"Rueitsau Bridge",南投縣
仁愛鄉,濁水溪流域,濁水溪,121.0958222,23.9698306,259751.38,2651685.27,松林橋,停用,1708,松林橋,"Sunglin Bridge",南投縣
仁愛鄉,濁水溪流域,濁水溪,121.1635361,24.0251750,266635.20,2657820.85,德魯灣橋,停用,1707,德魯灣橋,"Deluwan Bridge",南投縣
和平區,大甲溪流域,大甲溪,121.3081389,24.3477778,281265.82,2693574.06,台中市和平區平等里武陵路武陵賓館前,停用,1706,迎賓橋(入庫溪流),"Inbin Bridge",臺中市
泰安鄉,大安溪流域,大安溪,120.9467778,24.3574722,244600.15,2694614.11,苗栗縣泰安鄉中象聯絡道路附近,停用,1705,象鼻大橋(入庫溪流),"Siangbee Bridge",苗栗縣
頭屋鄉,後龍溪流域,後龍溪,120.9189444,24.5886111,241791.21,2720215.06,明德四號橋,停用,1704,明德四號橋,"Mingde Bridge No. 4",苗栗縣
三灣鄉,中港溪流域,中港溪,121.0051389,24.6206389,250520.30,2723759.92,中港溪永興吊橋,停用,1703,永興吊橋,"Yongxing Bridge",苗栗縣
橫山鄉,頭前溪流域,頭前溪,121.1187500,24.6683611,262018.60,2729050.65,新竹縣橫山鄉上坪竹35號道,停用,1702,瑞昌大橋(入庫溪流),"Wanfonda Bridge",新竹縣
桃園區,淡水河流域,大漢溪,121.3666194,24.8012611,287066.03,2743814.92,大漢溪復興橋,停用,1701,復興橋,"Fuxing Bridge",桃園市
安樂區,淡水河流域,基隆河,121.7301111,25.1112778,323632.18,2778302.09,八堵抽水站,停用,1700,八堵抽水站,"Badu drainage pump station",基隆市
萬巒鄉,東港溪流域,東港溪,120.5886944,22.6136111,207716.81,2501556.54,屏東縣萬巒鄉屏98縣道利屋路附近,啟用,1686,成德大橋,"Chengde Bridge",屏東縣
安南區,鹽水溪流域,鹽水溪,120.2395000,23.0513889,172067.35,2550176.11,臺南市安南區永安路與長和路一段交界處,啟用,1685,永安橋,"Yungan Bridge",臺南市
東石鄉,朴子溪流域,朴子溪,120.1688611,23.4436944,165077.03,2593661.16,嘉義縣東石鄉台17縣西部濱海公路,啟用,1684,東石南橋,"Dungshrnan Bridge",嘉義縣
麥寮鄉,新虎尾溪流域,新虎尾溪,120.2238611,23.7619167,170888.15,2628872.40,雲林縣麥寮鄉雲3縣道附近,啟用,1683,蚊港橋,"Wengang Bridge",雲林縣
泰安鄉,大安溪流域,大安溪,120.9467778,24.3574722,244600.15,2694614.11,苗栗縣泰安鄉中象聯絡道路附近,啟用,1682,象鼻大橋,"Siangbee Bridge",苗栗縣
後龍鎮,後龍溪流域,後龍溪,120.7630389,24.6139583,226006.91,2723040.66,苗栗縣後龍鎮台31西濱快速道路,啟用,1681,後龍觀海大橋,"Guanhai Bridge",苗栗縣
竹南鎮,中港溪流域,中港溪,120.8422806,24.6642083,234036.80,2728594.67,苗栗縣竹南鎮苗6-1線附近,啟用,1680,五福大橋,"Wufu Bridge",苗栗縣
頭城鎮,得子口溪流域,得子口溪,121.8233611,24.8413333,333218.34,2748454.75,宜蘭縣頭城鎮台2線北部濱海公路,啟用,1679,竹安橋,"Juan Bridge",宜蘭縣
冬山鄉,冬山河流域,冬山河,121.7730000,24.6318889,328259.04,2725225.95,宜蘭縣冬山鄉太和路（宜36鄉道）附近,啟用,1678,十三份橋,"Shrsanfen Bridge",宜蘭縣
寶山鄉,客雅溪流域,客雅溪,120.9885278,24.7680833,248839.83,2740090.50,新竹縣寶山鄉環北路與雙豐路附近,啟用,1677,中正橋,"Zhongzheng Bridge",新竹縣
湖口鄉,新豐溪流域,茄苳溪(竹),120.9956111,24.8677500,249556.51,2751129.45,新竹縣湖口鄉三民一路與榮光路口,啟用,1676,無名橋,"Wuming Bridge",新竹縣
八德區,南崁溪流域,茄苳溪(桃),121.2768611,24.9418333,277959.57,2759363.43,桃園市八德區桃46鄉道新興路,啟用,1675,桃46新興路橋,"Shinshing Road Bridge",桃園市
桃園區,南崁溪流域,南崁溪,121.3141111,25.0070278,281704.67,2766592.71,桃園市桃園區民光東路附近,啟用,1674,天助橋,"Tianju Bridge",桃園市
竹山鎮,濁水溪流域,清水溪(投),120.6586250,23.6458333,215173.43,2615842.69,南投縣竹山鎮桶頭攔河堰,啟用,1673,桶頭攔河堰,"Tungyou River Dike",南投縣
竹山鎮,濁水溪流域,清水溪(投),120.6561528,23.6266897,214916.12,2613723.27,南投縣竹山鎮149乙線5公里處,啟用,1672,瑞草橋,"Rueitsau Bridge",南投縣
鹿谷鄉,濁水溪流域,濁水溪,120.7828611,23.8150786,227876.45,2634560.78,南投縣鹿谷鄉民水路二段台16接139縣道,啟用,1671,集鹿大橋,"Ji Lu Bridge",南投縣
新豐鄉,新豐溪流域,新豐溪,120.9955647,24.9066667,249551.96,2755439.87,新竹縣新豐鄉竹2線,啟用,1670,中山橋(新豐溪),"Zhong Shan Bridge (Sinfo",新竹縣
新豐鄉,新豐溪流域,新豐溪,121.0103100,24.9091389,251041.46,2755713.72,新竹縣新豐鄉竹2線與竹2-1線交會口,啟用,1669,東興橋,"Dong Xing Bridge",新竹縣
新豐鄉,新豐溪流域,新豐溪,120.9772222,24.9078101,247699.11,2755566.72,新竹縣新豐鄉省道台15線,停用,1668,池和橋,,新竹縣
大甲區,磺溪流域,磺溪,120.6105972,24.4014167,210505.20,2699535.51,台中市61線西濱公路,停用,1667,11,,臺中市
鹽埕區,愛河流域,愛河,120.2917531,22.6168240,177191.36,2502027.01,高雄市三民區灣興街99巷底,停用,1666,寶珠溝抽水站進流口,,高雄市
鹽埕區,愛河流域,愛河,120.2898650,22.6223300,177000.16,2502637.63,高雄市三民區明誠二路上,停用,1665,明誠橋,,高雄市
鹽埕區,愛河流域,愛河,120.2903800,22.6190420,177051.37,2502273.28,高雄市仁武區後港巷(高榮後面),停用,1664,後港橋,,高雄市
岡山區,阿公店溪流域,阿公店溪,120.3282222,22.8036944,181034.229672077,2522702.60088549,高雄市岡山區大莊路接阿公店溪道路,啟用,1663,小崗山橋(原為高速鐵路橋下游便橋),"High Speed Rail Bridge",高雄市
南庄鄉,中港溪流域,中港溪,121.0058100,24.6175280,250588.26,2723415.37,苗栗縣南庄鄉田美村124線25.2km處,啟用,1662,永興橋,"Yongsing Bridge",苗栗縣
溪口鄉,北港溪流域,三疊溪,120.3985111,23.6084750,188619.07,2611792.99,嘉義縣溪口鄉157道和平路,啟用,1661,和平橋,"Heping Bridge",嘉義縣
仁德區,二仁溪流域,二仁溪,120.2222720,22.9222040,170226.00,2535879.49,台南市仁德區保安里中正路(南147線),停用,1660,保安抽水站,"Baoan Pumping station ",臺南市
阿蓮區,二仁溪流域,二仁溪,120.3101944,22.9006944,179233.63,2533452.57,台南市歸仁區長榮路三段230巷,啟用,1659,石安橋,"Shihan Bridge",高雄市
彰化市,烏溪流域,烏溪,120.5753200,24.1043861,206827.04,2666649.01,彰化市國聖里國聖路307號,啟用,1658,福馬圳,Fumazun,彰化縣
竹崎鄉,朴子溪流域,朴子溪,120.4895369,23.5069089,197868.23,2600509.07,嘉義縣竹崎鄉義和村國道3號下,啟用,1657,二高便道橋,"Second Super highway Sidewalk bridge ",嘉義縣
大寮區,高屏溪流域,高屏溪,120.4397850,22.5933589,192399.85,2499363.90,高雄市大寮區台88線公路(11公里處),啟用,1656,萬大大橋,"Wandada Bridge",高雄市
大里區,烏溪流域,旱溪,120.6795569,24.1174810,217427.16,2668071.13,台中市大里區國光路二段710號附近,啟用,1655,國光橋,"Guogwon Bridge",臺中市
瑪家鄉,高屏溪流域,高屏溪,120.6581361,22.7060211,214879.17,2511771.02,屏東縣瑪家鄉瑪家村原住民文化園區,停用,1654,隘寮堰,"AiLio Weir",屏東縣
阿蓮區,二仁溪流域,二仁溪,120.3314200,22.8893060,181405.49,2532181.43,高雄市阿蓮區成功路,停用,1653,阿蓮水利水文站,"Alian streamflow gauging station",高雄市
阿蓮區,二仁溪流域,二仁溪,120.2983100,22.9011940,178014.65,2533513.67,高雄市阿蓮區中路里,停用,1652,中路橋,"Jhonglu Bridge",高雄市
田寮區,二仁溪流域,二仁溪,120.3546900,22.8900280,183793.36,2532250.73,高雄市田寮區西德里與台南市關廟區龜動嵾交界高159線上,停用,1651,西龜橋,"Siguei Bridge",高雄市
田寮區,二仁溪流域,二仁溪,120.3646400,22.8656670,184802.59,2529548.65,高雄市田寮區高40線,停用,1650,崗安橋,"Gangan Bridge",高雄市
田寮區,二仁溪流域,二仁溪,120.3761700,22.8652500,185985.58,2529497.42,高雄市田寮區高39線,停用,1649,中坑橋,"Jhongkeng Bridge",高雄市
新化區,鹽水溪流域,鹽水溪,120.2889400,23.0548890,177135.83,2550538.25,台南市新化區永新路,停用,1648,下甲橋,"Siiajiia Bridge",臺南市
七股區,曾文溪流域,曾文溪,120.0626300,23.0444881,153936.59,2549517.06,台南市七股區與台南市安南區交界處,啟用,1647,曾文溪河口,"Zengwun River Mouth",臺南市
大內區,曾文溪流域,曾文溪,120.3453861,23.1203039,182952.64,2557755.23,台南市大內區與山上區交界處(178線),啟用,1646,大內橋（取代北勢洲橋）,"Peishihchou Bridge",臺南市
佳里區,將軍溪流域,將軍溪,120.1719400,23.1936670,165233.22,2565969.98,台南市佳里區佳里興南24線,停用,1645,東勢橋,"Dongshih Bridge",臺南市
麻豆區,將軍溪流域,將軍溪,120.2286100,23.1911110,171033.16,2565655.02,台南市麻豆區171線15公里處,停用,1644,埤頭橋,"Bitou Bridge",臺南市
下營區,將軍溪流域,將軍溪,120.2668300,23.2204440,174962.26,2568883.19,台南市下營區台19甲線11.2公里處,停用,1643,玄武橋,"Siyuanwu Bridge",臺南市
下營區,將軍溪流域,將軍溪,120.2836300,23.2298890,176686.91,2569920.57,台南市下營區茅港尾49號,停用,1642,橋頭港橋,"Ciiaotougang Bridge",臺南市
後壁區,急水溪流域,急水溪,120.3519980,23.3249600,183730.95,2580416.04,台南市後壁區福安里南76號公路,停用,1641,南76號公路橋,"S. 76th Road",臺南市
彰化市,烏溪流域,烏溪,120.5224400,24.1558610,201470.61,2672367.24,彰化縣彰化市國道3號203.5km,停用,1640,中二高,"Second Super highway",彰化縣
仁愛鄉,烏溪流域,烏溪,120.9542911,24.0630831,245351.77,2662010.18,南投縣仁愛鄉互助村投82號公路,啟用,1639,清流橋,"Cingliu Bridge",南投縣
埔里鎮,烏溪流域,烏溪,120.9588161,23.9541600,245808.40,2649947.10,南投縣埔里鎮南環路與新生路交叉口,停用,1638,新生橋,"Sinshen Bridge",南投縣
和平區,大甲溪流域,大甲溪,121.3081519,24.3477731,281267.14,2693573.54,台中市和平區平等里武陵路武陵賓館前,啟用,1637,迎賓橋,"Inbin Bridge",臺中市
後龍鎮,中港溪流域,中港溪,120.8336900,24.6681390,233167.85,2729031.07,苗栗縣後龍鎮台61號公路94.8公里處,停用,1636,玄寶大橋,"Siyuanbao Bridge",苗栗縣
蘇澳鎮,新城溪流域,新城溪,121.8108600,24.6035000,332110.72,2722103.58,宜蘭縣蘇澳鎮武荖坑遊樂區內,啟用,1635,武荖坑,Woolaokan,宜蘭縣
壽豐鄉,花蓮溪流域,花蓮溪,121.5187422,23.8785917,302827.55,2641674.42,花蓮縣壽豐鄉9號公路旁,啟用,1634,下荖溪橋,"Sialousi Bridge",花蓮縣
新埔鎮,鳳山溪流域,霄裡溪,121.0975461,24.8325569,259859.61,2747235.00,新竹縣新埔鎮五埔里竹19號道路,啟用,1633,三聖橋,"Sansheng Bridge",新竹縣
燕巢區,阿公店溪流域,阿公店溪,120.3453289,22.8115061,182794.32,2523559.75,高雄市燕巢區西燕里工程路100號,停用,1632,阿公店出水口,"Agongdian Reservoir Intake",高雄市
湖內區,二仁溪流域,二仁溪,120.2103610,22.9071940,168995.28,2534223.80,高雄市湖內區湖中路,停用,1514,通地溝,Tondigo,高雄市
美濃區,高屏溪流域,美濃溪,120.5357778,22.8985556,202375.668791729,2533125.03132325,高雄市美濃區永安路369巷,啟用,1512,西門大橋,"Simenda Bridge",高雄市
甲仙區,高屏溪流域,旗山溪,120.5845556,23.0831111,207437.7,2553546.81,高雄市甲仙區甲仙大橋上游150公尺處(攔砂壩),啟用,1511,甲仙取水口(取代四德大橋),"Jiasian Intake",高雄市
六龜區,高屏溪流域,高屏溪,120.6041811,22.8786961,209387.31,2530905.43,高雄市六龜區新寮里台27甲,停用,1510,新寮橋(原為新寮吊橋),"Sinliao Suspension Bridge",高雄市
六龜區,高屏溪流域,荖濃溪,120.6691600,23.0485589,216096.85,2549698.53,高雄市六龜區新發里台27線3.5公里處,啟用,1509,新發大橋,"Sinfada Bridge",高雄市
汐止區,淡水河流域,基隆河,,,,,新北市瑞芳區四腳亭,停用,1391,慶安橋,"Cingan Bridge",新北市
汐止區,淡水河流域,基隆河,,,,,新北市瑞芳區三爪子坑路,停用,1390,瑞峰橋,"Rueifong Bridge",新北市
汐止區,淡水河流域,基隆河,,,,,新北市汐止區樟樹路,停用,1385,樟江大橋,"Jhangjiiang Bridge",新北市
汐止區,淡水河流域,基隆河,,,,,新北市汐止區中興路,停用,1384,社后橋,"Shehou Bridge",新北市
斗六市,北港溪流域,北港溪(雲),120.5868056,23.7028611,207864.731855009,2622177.55232958,雲林縣斗六市梅林里梅林路75-1號,啟用,1361,新梅林橋(取代梅南橋),"Meinan Bridge",雲林縣
崁頂鄉,東港溪流域,東港溪,,,,,屏東縣崁頂鄉港東村李隆宮前,停用,1360,港東二號橋,"Gangdong Bridge No.2",屏東縣
潮州鎮,東港溪流域,東港溪,,,,,屏東縣潮州鎮189號道路,停用,1359,五魁橋,"Wukuei Bridge",屏東縣
萬巒鄉,東港溪流域,東港溪,,,,,屏東縣萬巒鄉187號道路,停用,1358,萬巒大橋,"Wanluan Bridge",屏東縣
萬巒鄉,東港溪流域,東港溪,,,,,屏東縣屏98號道路,停用,1357,成德大橋,"Chengde Bridge",屏東縣
暖暖區,淡水河流域,基隆河,,,,,基隆市六堵區工建西路六堵取水口,停用,1356,六堵站,Lioudu,基隆市
中山區,淡水河流域,基隆河,,,,,台北市中山區河濱公園大佳段,停用,1355,大佳段,Dajiia,臺北市
內湖區,淡水河流域,基隆河,,,,,,停用,1354,成功橋,"Chenggong Bridge",臺北市
士林區,淡水河流域,基隆河,,,,,,停用,1353,承德橋,"Chengde Bridge",臺北市
,淡水河流域,景美溪,,,,,,停用,1352,景美便橋,"Jingmei Suspension bridge ",
,淡水河流域,北勢溪(北),,,,,,停用,1351,伸仗板,Shenjhangban,
,淡水河流域,北勢溪(北),,,,,,停用,1350,碧湖,"Bi Lake",
,淡水河流域,北勢溪(北),,,,,,停用,1349,黃櫸皮寮,Huangjyupiliao,
,淡水河流域,新店溪,,,,,,停用,1348,平廣,Pingguang,
新店區,淡水河流域,新店溪,121.5331350,24.9254100,303847.59,2757621.46,新北市新店區直潭路127號,啟用,1347,直潭堰取水口,"Chintan Weir Intake",新北市
大同鄉,蘭陽溪流域,蘭陽溪,121.5672510,24.6422680,307423.60,2726273.99,宜蘭縣大同鄉7號公路,啟用,1346,牛鬥橋,"Neodao Bridge",宜蘭縣
龜山區,南崁溪流域,南崁溪,121.3692480,25.0250861,287264.49,2768606.95,桃園市龜山區桃七號公路,啟用,1345,大埔橋,"Dapoo Bridge",桃園市
卓蘭鎮,大安溪流域,老庄溪,120.8304950,24.3124669,232796.17,2689639.13,苗栗縣卓蘭鎮中正路,啟用,1344,文峰橋,"Wenfon Bridge",苗栗縣
卓蘭鎮,大安溪流域,老庄溪,120.8359370,24.3081519,233347.94,2689160.57,苗栗縣卓蘭鎮苗55號公路(卓坪街),啟用,1343,協成橋,"Ciechen Bridge",苗栗縣
大內區,曾文溪流域,曾文溪,120.4304539,23.1375819,191673.20,2559632.02,台南市大內區走馬瀨農場入口處,啟用,1342,走馬瀨橋,"Dzomalia Bridge",臺南市
內門區,二仁溪流域,二仁溪,120.4604619,22.9167280,194656.27,2535163.69,高雄市內門區中正路(台3線公路),啟用,1341,二層橋,"Erntsun Bridge",高雄市
仁德區,二仁溪流域,三爺溪,120.1943569,22.9251919,167364.33,2536225.76,台南市仁德區同興路(南147線),啟用,1340,永寧橋,"Yunnin Bridge",臺南市
高樹鄉,高屏溪流域,高屏溪,120.5861981,22.7667070,207507.41,2518509.67,屏東縣高樹鄉台27線公路(41.5公里處),停用,1339,南華大橋,"Nanhuada Bridge",屏東縣
六龜區,高屏溪流域,濁口溪,120.6481231,22.8800761,213896.35,2531046.80,高雄市六龜區台27線公路(25公里處),啟用,1338,大津橋,"Dagean Bridge",高雄市
六龜區,高屏溪流域,荖濃溪,120.6388333,22.9956667,212974.623552109,2543848.87488105,高雄市六龜區太平路台27甲58公里處,啟用,1337,六龜大橋,"Liougueida Bridge",高雄市
旗山區,高屏溪流域,美濃溪,120.4966081,22.8684500,198345.81,2529804.51,高雄市旗山區旗屏路台3線418公里處,啟用,1336,旗南橋,"Cinan Bridge",高雄市
旗山區,高屏溪流域,旗山溪,120.4878950,22.8740081,197453.86,2530423.06,高雄市旗山區旗屏路台3線417公里處,啟用,1335,新旗尾橋,"Sinciwei Bridge",高雄市
九如鄉,高屏溪流域,武洛溪,120.4887561,22.7247531,197485.07,2513895.27,屏東縣九如鄉台3線公路(436.5公里處),啟用,1334,九如橋,"Jiouru Bridge",屏東縣
屏東市,高屏溪流域,牛稠溪(屏),120.4580289,22.6302781,194290.56,2503445.07,屏東縣屏東市大溪路189線公路(2.3公里處),啟用,1333,昌農橋,"Beinoon Brideg",屏東縣
礁溪鄉,得子口溪流域,得子口溪,121.7470589,24.8314511,325512.06,2747315.74,宜蘭縣礁溪鄉五峰路,啟用,1332,美慶山莊,"Meichien Cottage",宜蘭縣
,淡水河流域,內雙溪,,,,,台北市士林區至善路明德樂園旁,停用,1331,青礐溪取水口,"Cingciyue River Intake ",
,淡水河流域,景美溪,,,,,台北市文山區恆光街,停用,1330,恆光橋,"Hengguang Bridge",
,淡水河流域,內雙溪,,,,,台北市士林區至善路三段雙溪水廠,停用,1329,雙溪取水口,"Shuangxi Intake ",
,,,121.5532490,24.9796100,305854.74,2763633.03,新北市新店區寶橋下面,停用,1328,寶橋自動測站,,
蘇澳鎮,南澳溪流域,南澳溪,121.7885989,24.4602919,329947.03,2706228.49,宜蘭縣蘇澳鎮9號公路(南澳市區),啟用,1327,南澳橋,"Nanao Bridge",宜蘭縣
,淡水河流域,基隆河,,,,,,停用,1326,成功橋,"Chenggong Bridge",
,淡水河流域,基隆河,,,,,,停用,1325,平溪(十分寮),Pingsi,
,淡水河流域,基隆河,,,,,,停用,1324,內湖橋,"Neihu Bridge",
,淡水河流域,基隆河,,,,,,停用,1323,長壽橋,"Changshou Bridge",
,淡水河流域,基隆河,,,,,,停用,1322,南港取水口,"Nangang Intake ",
南港區,淡水河流域,基隆河,,,,,台北市南港區研究院路南深橋,停用,1321,四分溪,"Sihfen River",臺北市
,淡水河流域,基隆河,,,,,台北市南港區研究院路一段,停用,1320,弘道橋,"Hongdao Bridge",
大同區,淡水河流域,淡水河本流,,,,,台北市大同區民權西路環河北路口,停用,1319,台北橋,"Taipei Bridge",臺北市
,淡水河流域,淡水河本流,,,,,台北市萬華區成都路,停用,1318,中興橋,"Jhongsing Bridge",
,淡水河流域,大漢溪,,,,,,停用,1317,柑園橋,"Ganyuan Bridge",
,淡水河流域,景美溪,,,,,,停用,1316,象頭埔,Siiangtoupu,
,淡水河流域,南勢溪(北),,,,,,停用,1315,烏來國中,"Wulai Junior High School",
,淡水河流域,南勢溪(北),,,,,,停用,1314,福山,Fushan,
,淡水河流域,北勢溪(北),,,,,,停用,1313,闊瀨,Kuolai,
,淡水河流域,北勢溪(北),,,,,,停用,1312,大林橋,"Dalin Bridge",
,淡水河流域,新店溪,,,,,,停用,1311,萬盛橋,"Wancheng Bridge",
,淡水河流域,新店溪,,,,,新北市板橋區中山路,停用,1310,光復橋,"Guangfu Bridge",
永和區,淡水河流域,新店溪,,,,,新北市永和區福和路,停用,1309,福和橋,"Fuhe Bridge",新北市
,高屏溪流域,高屏溪,,,,,高雄市大樹區上寮里,停用,1308,翁公園,Wonggongyuan,
,愛河流域,愛河,,,,,高雄市三民區建興路,停用,1307,寶珠溝匯流口,Baojhugou,
,愛河流域,愛河,,,,,高雄市左營區新莊子路,停用,1306,鼎新橋,"Dingsin Bridge",
阿蓮區,二仁溪流域,二仁溪,120.3381944,22.8893889,182100.58,2532187.45,高雄市阿蓮區民族路台19甲線公路(55公里處),啟用,1305,南雄橋,"Nansyong Bridge",高雄市
永康區,二仁溪流域,三爺溪,120.2506000,22.9987211,173175.04,2544337.82,台南市永康區復興路接崑大路(180線),啟用,1304,網寮橋(原為建國村),"Chenguo Village",臺南市
學甲區,急水溪流域,急水溪,120.1904269,23.2660400,167170.44,2573974.17,台南市學甲區二港村南7鄉道,啟用,1303,二港橋,"Erngon Bridge",臺南市
下營區,急水溪流域,急水溪,120.2728478,23.2611608,175600.76,2573389.16,台南市下營區鐵線里台19甲線公路(6.5公里處),啟用,1302,台19甲線急水溪橋,"Teisian Vi.",臺南市
竹崎鄉,朴子溪流域,朴子溪,120.5462889,23.5249581,203670.51,2602488.43,嘉義縣竹崎鄉台3線公路(286公里處),啟用,1301,竹崎大橋,"Jhucida Bridge",嘉義縣
斗六市,北港溪流域,北港溪(雲),120.5673270,23.7027490,205878.35,2622171.03,雲林縣斗六市榮譽路800號旁,停用,1300,斗山橋,"Dosang Bridge",雲林縣
大里區,烏溪流域,旱溪,120.6656631,24.1100450,216012.89,2667250.89,台中市大里區樹王路272號僑泰工商附近,啟用,1299,樹王橋,"Shuwan Bridge",臺中市
北屯區,烏溪流域,旱溪,120.7053550,24.1696469,220061.69,2673842.76,台中市大坑東山路一段143-8號,啟用,1298,倡和橋,"Chenho Bridge",臺中市
銅鑼鄉,西湖溪流域,西湖溪,120.7778481,24.4495100,227477.07,2704824.61,苗栗縣銅鑼鄉樟樹村台13號公路43km處,啟用,1297,竹盛橋（原為竹盛大橋）,"Jhushenda Bridge",苗栗縣
平鎮區,老街溪流域,大坑缺溪,121.1961611,24.9209931,269813.17,2757040.95,桃園市平鎮區平鎮村113號公路與桃72線(南平路)交會口附近,啟用,1296,平鎮第一號橋,"Pingjhen 1st Bridge",桃園市
,金面溪流域,金面溪,,,,,宜蘭縣頭城鎮二號公路,停用,1295,福成橋,"Fucheng Bridge",
,金面溪流域,金面溪,,,,,宜蘭縣頭城鎮金面里,停用,1294,石燭橋,"Shihjhu Bridge",
頭城鎮,福德溪流域,福德溪,121.8224200,24.8503980,333117.17,2749458.26,宜蘭縣頭城鎮190號公路,停用,1293,福德坑橋,"Fudakan Bridge",宜蘭縣
頭城鎮,福德溪流域,福德溪,121.8083870,24.8638840,331690.02,2750943.58,宜蘭縣頭城鎮福成里金盈路福成路交會口附近,停用,1292,吉祥橋,"Geeshang Bridge",宜蘭縣
,淡水河流域,北勢溪(北),,,,,新北市石碇區翡翠谷,停用,1291,翡翠水庫橋,"Fei-Tsui Reservoir Bridge",
,淡水河流域,北勢溪(北),,,,,新北市坪林區九號公路,停用,1290,坪林橋,"Pinglin Bridge",
,淡水河流域,三峽河,,,,,新北市三峽區大埔里,停用,1289,大埔,Dapu,
瑞芳區,淡水河流域,基隆河,,,,,新北市瑞芳區明燈路,停用,1287,瑞芳橋,"Rueifang Bridge",新北市
,淡水河流域,景美溪,,,,,新北市新店區中興路景美國小旁,停用,1286,景美橋,"Jingmei Bridge",
,淡水河流域,景美溪,,,,,新北市石碇區石碇,停用,1285,石碇石崁,"Shihkan Shihding",
楠梓區,後勁溪流域,後勁溪,,,,,高雄市楠梓區德中路,停用,1284,興中橋,"Singjhong Bridge",高雄市
楠梓區,後勁溪流域,後勁溪,,,176165.91,2513521,高雄市楠梓區加昌路,停用,1283,後勁橋,"Houjing Bridge",高雄市
前鎮區,前鎮河流域,前鎮河,120.3071400,22.5868330,178757.79,2498698.59,高雄市前鎮區新生路,停用,1282,前鎮橋,"Cianjhen Bridge",高雄市
前鎮區,前鎮河流域,前鎮河,120.7120600,22.0577500,220281.64,2439979.22,高雄市前鎮區中山四路,停用,1281,臨海橋,"Linhia Bridge",高雄市
士林區,淡水河流域,基隆河,121.5251139,25.0738869,302973.73,2774064.33,台北市士林區中山北路圓山旁,啟用,1280,中山橋,"Jhongsan Bridge",臺北市
,淡水河流域,景美溪,,,,,台北市文山區木柵路木柵焚化廠旁,停用,1279,萬福橋(福德坑),"Wanfu Bridge",
,北港溪流域,北港溪(雲),,,,,,停用,1278,,,
,淡水河流域,新店溪,,,,,新北市新店區龜山里111號公路,停用,1277,下龜山橋,"Siiagueishan Bridge",
石碇區,淡水河流域,景美溪,121.6419800,25.0107769,314796.68,2767124.72,新北市石碇區八分寮106號公路,啟用,1274,楓林橋,"Fonlin Bridge",新北市
中和區,淡水河流域,新店溪,121.5285731,24.9887150,303359.53,2764631.59,新北市中和區景平路與環河路交會處,啟用,1273,秀朗橋,"Ciulan Bridge",新北市
新店區,淡水河流域,新店溪,121.5452139,24.9414411,305060.48,2759401.97,新北市新店區新烏路,啟用,1272,青潭堰,"Chintan Weir",新北市
新店區,淡水河流域,新店溪,121.5474950,24.9123311,305303.84,2756178.56,新北市新店區新烏路台九甲號道路,啟用,1271,廣興橋(取代屈尺堰),"Chiuche Weir",新北市
內湖區,淡水河流域,基隆河,121.5832950,25.0536689,308852.85,2771848.91,台北市內湖區新明路與舊宗路口(內湖區與南港區交界),啟用,1270,成美橋,"Chenmei Bridge",臺北市
南港區,淡水河流域,基隆河,121.6120211,25.0632350,311746.51,2772921.32,台北市內湖區康寧路,啟用,1269,南湖大橋,"Nanhooda Bridge",臺北市
岡山區,阿公店溪流域,阿公店溪,120.2796944,22.8030556,176051.765705121,2522655.32121549,高雄市岡山區本洲路接前鋒路(186縣道),啟用,1268,前州橋,"Cianchou Bridge",高雄市
滿州鄉,港口溪流域,港口溪,120.8410850,21.9886950,233590.42,2432313.94,屏東縣滿州鄉港墘路佳樂水台26線公路(52公里處),啟用,1267,海墘大橋,"Hichenda Bridge",屏東縣
滿州鄉,港口溪流域,港口溪,120.8190556,22.0015833,231317.345711479,2433743.45137462,屏東縣滿州鄉港口村橋頭路200甲公路(0.5公里處),啟用,1266,港口橋,"Gangkou Bridge",屏東縣
太麻里鄉,知本溪流域,知本溪,121.0396000,22.7013960,254068.36,2511218.99,台東縣太麻里鄉知本路四段台9線公路(391.5公里處),啟用,1265,知本橋,"Jhihben Bridge",臺東縣
卑南鄉,知本溪流域,知本溪,121.0247778,22.6951667,252545.7,2510528.9,台東縣卑南鄉龍泉路194線,啟用,1264,知本溫泉橋,"Jhihben hotspring Bridge",臺東縣
臺東市,利嘉溪流域,利嘉溪,121.0951981,22.7234658,259778.74,2513665.35,臺東縣臺東市知本路一段接中華路四段台11線公路(173.3公里處),啟用,1263,豐源大橋,"Fongyuanda Bridge",臺東縣
臺東市,利嘉溪流域,利嘉溪,121.0492250,22.7607919,255055.02,2517796.15,臺東縣臺東市中興路六段接青海路一段台9線,啟用,1262,新園橋(原為大南橋),"Danan Bridge",臺東縣
臺東市,太平溪流域,太平溪,121.1423269,22.7464489,264617.37,2516214.14,臺東縣臺東市中華路一段,啟用,1261,豐里橋,"Fonli Bridge",臺東縣
臺東市,太平溪流域,太平溪,121.1325950,22.7659811,263615.94,2518376.00,臺東縣臺東市中興路一段台9線,啟用,1260,馬蘭橋,"Malan Bridge",臺東縣
卑南鄉,太平溪流域,太平溪,121.0500000,22.8139722,255132.61,2523684.83,台東縣卑南鄉泰安村,啟用,1259,大巴六九巴取水口,"Dabaliugeoba Intake",臺東縣
臺東市,卑南溪流域,卑南溪,121.1444750,22.7922331,264833.04,2521284.03,臺東縣台東市志航路一段台11乙線5公里處,啟用,1258,台東大橋,"Taitungda Bridge",臺東縣
鹿野鄉,卑南溪流域,鹿野溪,121.0941989,22.8914450,259664.25,2532265.68,台東縣鹿野鄉台9線公路(356.5公里處),啟用,1257,鹿鳴橋,"Lumin Bridge",臺東縣
海端鄉,卑南溪流域,新武呂溪,121.1691280,23.1256381,267321.63,2558205.55,台東縣海端鄉台20甲公路0公里處,啟用,1256,初來橋,"Choulia Bridge",臺東縣
瑞穗鄉,秀姑巒溪流域,秀姑巒溪,121.4040161,23.4854000,291267.28,2598092.53,花蓮縣瑞穗鄉193號公路,啟用,1255,瑞穗大橋,"Rueisueida Bridge",花蓮縣
玉里鎮,秀姑巒溪流域,秀姑巒溪,121.3336260,23.3936781,284100.91,2587916.76,花蓮縣玉里鎮9號公路(樂德公路),啟用,1254,太平溪橋,"Taipingci Bridge",花蓮縣
玉里鎮,秀姑巒溪流域,秀姑巒溪,121.3277661,23.3229250,283519.72,2580080.25,花蓮縣玉里鎮9號公路與縣195甲交會口附近,啟用,1253,玉里大橋,"Yulida Bridge",花蓮縣
吉安鄉,花蓮溪流域,木瓜溪,121.5385861,23.9316939,304826.04,2647562.98,花蓮縣吉安鄉9號公路受天宮附近,啟用,1252,木瓜溪橋,"Mugua River Bridge",花蓮縣
吉安鄉,花蓮溪流域,花蓮溪,121.5976989,23.9235458,310847.46,2646684.79,花蓮縣吉安鄉11號公路,啟用,1251,花蓮大橋,"Hualienda Bridge",花蓮縣
壽豐鄉,花蓮溪流域,花蓮溪,121.4525680,23.8132250,296111.53,2634412.11,花蓮縣壽豐鄉中山一路接林榮路,啟用,1250,支亞干橋(取代豐平橋),"Fonpin Bridge",花蓮縣
鳳林鎮,花蓮溪流域,花蓮溪,121.4262389,23.7195969,293459.95,2624034.88,花蓮縣鳳林鎮9號公路,啟用,1249,萬里溪橋,"Wanlici Bridge",花蓮縣
吉安鄉,吉安溪流域,吉安溪,121.5944444,23.9687778,310495.038872523,2651692.85090396,花蓮縣吉安鄉中正路旁,啟用,1248,仁里橋,"Renli Bridge",花蓮縣
吉安鄉,吉安溪流域,吉安溪,121.5695833,23.9833333,307958.420642482,2653294.43854688,花蓮縣吉安鄉198甲公路與明義二街交會口附近,啟用,1247,太昌橋,"Taichang Bridge",花蓮縣
花蓮市,美崙溪流域,美崙溪,121.6119539,23.9803261,312271.43,2652979.46,花蓮縣花蓮市中正路,啟用,1246,中正橋,"Jhongjheng Bridge",花蓮縣
新城鄉,美崙溪流域,美崙溪,121.6083950,24.0094050,311895.36,2656198.42,花蓮縣新城鄉嘉新村台9線與中央路交會口新生橋,啟用,1245,新生橋(原為嘉新村),"Chiacin Village",花蓮縣
新城鄉,美崙溪流域,美崙溪,121.6049461,24.0168970,311540.92,2657026.65,花蓮縣新城鄉嘉里村嘉里二號底,啟用,1244,玉成橋(原為嘉里二號橋),"Chiali No 2 Bridge",花蓮縣
秀林鄉,美崙溪流域,美崙溪,121.5460739,24.0057850,305556.51,2655771.51,花蓮縣秀林鄉水源村水源地自來水廠旁,啟用,1243,水源橋上游,"Shueiwui Bridge",花蓮縣
新城鄉,三棧溪流域,三棧溪,121.6083850,24.1006620,311850.60,2666305.32,花蓮縣新城鄉北三棧懷恩橋,啟用,1242,三棧橋,"Sanjhan Bridge",花蓮縣
秀林鄉,立霧溪流域,立霧溪,121.6217481,24.1563481,313181.82,2672478.70,花蓮縣秀林鄉太魯閣9號公路,啟用,1241,錦文橋,"Geinwun Bridge",花蓮縣
秀林鄉,立霧溪流域,立霧溪,121.4954958,24.1813089,300342.07,2675191.97,花蓮縣秀林鄉天祥8號公路,啟用,1240,普渡大橋,"Podooda Bridge",花蓮縣
南澳鄉,和平溪流域,和平溪,121.7430639,24.3248400,325410.94,2691200.42,宜蘭縣南澳鄉9公路漢本隧道附近,啟用,1239,大濁水橋,"Dajhuoshuei Bridge",宜蘭縣
南澳鄉,南澳溪流域,南澳溪,121.7800211,24.4491419,329084.35,2704988.58,宜蘭縣南澳鄉9號公路(出南澳市區),啟用,1238,澳尾橋,"Aowei Bridge",宜蘭縣
南澳鄉,南澳溪流域,南澳溪,121.7584419,24.4359470,326904.41,2703514.96,宜蘭縣南澳鄉金洋村金洋產業道路,啟用,1237,金洋二號橋(原為金洋),"Ginyang No 2",宜蘭縣
蘇澳鎮,蘇澳溪流域,蘇澳溪,121.8537200,24.5961700,336456.12,2721317.94,宜蘭縣蘇澳鎮9號公路蘇花公路入口,啟用,1236,白米橋,"Bimei Bridge",宜蘭縣
蘇澳鎮,蘇澳溪流域,蘇澳溪,121.8445589,24.5737169,335543.59,2718825.23,宜蘭縣蘇澳鎮永樂里成功路永樂國小附近,啟用,1235,永樂里,Yunlali,宜蘭縣
蘇澳鎮,新城溪流域,新城溪,121.8315600,24.6323639,334187.64,2725313.17,宜蘭縣蘇澳鎮2號公路,啟用,1234,龍德大橋,"Longdeda Bridge",宜蘭縣
蘇澳鎮,新城溪流域,新城溪,121.8123419,24.6152881,332253.08,2723410.16,宜蘭縣蘇澳鎮9號公路武荖坑遊樂區旁,啟用,1233,新城橋,"Sincheng Bridge",宜蘭縣
五結鄉,冬山河流域,冬山河,121.8329719,24.6920061,334290.51,2731920.27,宜蘭縣五結鄉季水路,啟用,1232,清水大閘,"Cingshueida Gate",宜蘭縣
五結鄉,冬山河流域,冬山河,121.8248530,24.6917960,333469.05,2731892.05,宜蘭縣五結鄉濱海公路,停用,1231,加禮遠橋,"Jialiwen Bridge",宜蘭縣
五結鄉,冬山河流域,冬山河,121.8141169,24.6698981,332396.97,2729460.04,宜蘭縣五結鄉協和路全祥新村冬山河親水公園旁,啟用,1230,利澤簡橋,"Lidzugein Bridge",宜蘭縣
冬山鄉,冬山河流域,冬山河,121.7958090,24.6521630,330555.34,2727484.78,宜蘭縣冬山鄉富農路,停用,1229,富農橋,"Funon Bridge",宜蘭縣
冬山鄉,冬山河流域,冬山河,121.7868900,24.6391631,329660.72,2726039.65,宜蘭縣冬山路二段149號,啟用,1228,冬山河橋,"Dongshan River Bridge",宜蘭縣
冬山鄉,冬山河流域,冬山河,121.7848550,24.6351920,329457.22,2725598.63,宜蘭縣義成路一段118號,停用,1227,義成橋,"Yichen Bridge",宜蘭縣
壯圍鄉,蘭陽溪流域,蘭陽溪,121.8201120,24.7137630,332974.71,2734322.33,宜蘭縣壯圍鄉2號公路,啟用,1226,噶瑪蘭橋(原為興蘭大橋),"Sinlanda Bridge",宜蘭縣
五結鄉,蘭陽溪流域,蘭陽溪,121.7720000,24.7136111,328106.88,2734277.23,宜蘭縣五結鄉8號公路,啟用,1225,蘭陽大橋,"Lanyangda Bridge",宜蘭縣
員山鄉,蘭陽溪流域,蘭陽溪,121.7248190,24.7048170,323338.34,2733277.09,宜蘭縣員山鄉深溝村7號公路葫蘆堵大橋,啟用,1224,葫蘆堵大橋(原為上深溝),Shangshengo,宜蘭縣
大同鄉,蘭陽溪流域,蘭陽溪,121.6059240,24.6810980,311319.64,2730591.55,宜蘭縣大同鄉松羅村7號公路大同國小附近,啟用,1223,崙埤橋(原為崙碑),Lonbei,宜蘭縣
礁溪鄉,得子口溪流域,得子口溪,121.8128950,24.8177140,332176.06,2745832.18,宜蘭縣礁溪鄉塭底路,啟用,1222,時潮橋(原為復興橋),"Fusing Bridge",宜蘭縣
礁溪鄉,得子口溪流域,得子口溪,121.7724167,24.8063611,328091.03,2744550.9,宜蘭縣礁溪鄉宜6鄉道(七結路接玉民路二段),啟用,1221,七結橋(取代得子口橋),"Tetzekou Bridge",宜蘭縣
車城鄉,保力溪流域,保力溪,120.7110000,22.0578889,220172.26,2439994.78,屏東縣車城鄉射寮村新街路屏153縣,啟用,1220,臨海橋,"Linhia Bridge",屏東縣
恆春鎮,保力溪流域,保力溪,120.7378333,21.9882222,222928.51,2432276.26,屏東縣恆春鎮龍水里龍鑾路接龍泉路旁,啟用,1219,龍潭橋(原為龍鑾潭),Longluntan,屏東縣
車城鄉,四重溪流域,四重溪,120.7408319,22.0827919,223255.92,2442746.54,屏東縣車城鄉內埔路,啟用,1218,懷恩橋(原為二重溪),Erchongci,屏東縣
牡丹鄉,四重溪流域,四重溪,120.7727500,22.1235278,226556.35,2447251.61,屏東縣牡丹鄉石門路35之30號(199線公路)旁,啟用,1217,石門村過四重溪水泥橋(原為石門),Shihmen,屏東縣
枋山鄉,楓港溪流域,楓港溪,120.6911681,22.1958611,218156.41,2455275.36,屏東縣枋山鄉舊庄路台1線456公里處,啟用,1216,楓港橋,"Fongang Bridge",屏東縣
獅子鄉,楓港溪流域,楓港溪,120.7636667,22.2125833,225634.64,2457113.45,屏東縣獅子鄉丹路村台9線道路,啟用,1215,巴士墨段橋(取代伊屯吊橋),"Itun Suspension Bridge",屏東縣
枋山鄉,枋山溪流域,枋山溪,120.6540669,22.2560989,214346.11,2461953.37,屏東縣枋山鄉台1線公路(488公里處),啟用,1214,枋山大橋(原為枋山橋),"Fangshan Bridge",屏東縣
枋寮鄉,率芒溪流域,率芒溪,120.6117519,22.3432989,210009.66,2471619.18,屏東縣枋寮鄉台1線公路(437公里處),啟用,1213,枋寮大橋,"Fangliuda Bridge",屏東縣
林邊鄉,林邊溪流域,林邊溪,120.5232661,22.4308169,200926.01,2481335.96,屏東縣林邊鄉台17號公路(264公里處),啟用,1212,林邊大橋,"Linbianda Bridge",屏東縣
新埤鄉,林邊溪流域,林邊溪,120.5504200,22.4611969,203731.30,2484691.25,屏東縣新埤鄉台1號公路(422公里處),啟用,1211,新埤大橋,"Sinbeida Bridge",屏東縣
東港鎮,東港溪流域,東港溪,120.4596350,22.4777169,194394.54,2486551.33,屏東縣東港鎮台17線公路(264.5公里處),啟用,1210,東港大橋,"Donggangda Bridge",屏東縣
新園鄉,東港溪流域,東港溪,120.4620069,22.5045231,194649.28,2489518.69,屏東縣新園鄉南興路台27線76公里處,啟用,1209,港西抽水站,"Gangci Pomping Station",屏東縣
萬丹鄉,東港溪流域,東港溪,120.5035000,22.5421389,198932.153032771,2493669.10528229,屏東縣萬丹鄉新南路屏58線5.5公里處,啟用,1208,興社大橋,"Cinsheda Bridge",屏東縣
潮州鎮,東港溪流域,東港溪,120.5396667,22.5647500,202659.878255941,2496160.90789169,屏東縣潮州鎮延平路(屏85鄉道),啟用,1207,潮州大橋（取代新潮州大橋）,"Chaojhouda Bridge",屏東縣
萬巒鄉,東港溪流域,東港溪,120.5829519,22.6029350,207123.15,2500376.03,屏東縣萬巒鄉柑園路,啟用,1206,隴東橋(原為龍東橋),"Longdon Bridge",屏東縣
旗山區,高屏溪流域,旗山溪,120.489235,22.881998,197594.25,2531315.98,高雄市旗山區3號公路,停用,1205,旗尾橋,"Ciwei Bridge",高雄市
旗山區,高屏溪流域,旗山溪,120.5217161,22.9611019,200955.59,2540055.69,高雄市杉林區清水路台29號公路(258.5公里處),啟用,1204,月眉橋,"Yuemei Bridge",高雄市
林園區,高屏溪流域,高屏溪,120.4184444,22.4950278,190163.22,2488484.03,高雄市林園區台17線公路(250公里處),啟用,1203,雙園大橋,"Shuangyuanda Bridge",高雄市
大樹區,高屏溪流域,高屏溪,120.4374111,22.6471261,192178.25,2505318.54,高雄市大樹區台1線公路(392.5公里處),啟用,1202,高屏大橋,"Gaopingda Bridge",高雄市
大樹區,高屏溪流域,高屏溪,120.4527100,22.7706711,193801.12,2518993.12,高雄市大樹區里嶺路接旗楠三路台22線,啟用,1201,里嶺大橋(取代嶺口橋),"Linko Bridge",高雄市
里港鄉,高屏溪流域,高屏溪,120.5026389,22.7953611,198937.39194404,2521709.01961331,屏東縣里港鄉里港路台3線公路(428公里處),啟用,1200,里港大橋,"Ligangda Bridge",屏東縣
彌陀區,阿公店溪流域,阿公店溪,120.2321269,22.8007420,171166.85,2522423.70,高雄市彌陀區舊港路(高21線2.5公里處),啟用,1199,舊港橋,"Geogon Bridge",高雄市
岡山區,阿公店溪流域,阿公店溪,120.2970278,22.7853611,177822.001926826,2520687.3373753,高雄市岡山區岡山路(台1線與縣186交界),啟用,1198,阿公店橋,"Agongdian Bridge",高雄市
燕巢區,阿公店溪流域,阿公店溪,120.3614444,22.8030000,184444.643123061,2522610.58989435,高雄市燕巢區西燕村紅山巷(高29-1線0.6公里處),啟用,1197,蓬萊橋(原為阿公店溪),"Agongdian River",高雄市
燕巢區,阿公店溪流域,阿公店溪,120.3430440,22.8145610,182561.26,2523899.10,高雄市燕巢區西燕村工程路(高29線2.5公里處),停用,1196,阿公店水庫,"Agongdian Reservoir",高雄市
仁德區,二仁溪流域,三爺溪,120.2216131,22.9275261,170161.52,2536469.19,台南市仁德區二仁路一段台1線338.8公里處,啟用,1195,五空橋,"Wukon Bridge",臺南市
仁德區,二仁溪流域,二仁溪,120.2504790,22.9911300,173158.35,2543497.26,台南市仁德區太子路,停用,1194,鯽潭橋,"Geetan Bridge",臺南市
南區,二仁溪流域,二仁溪,120.1845860,22.9187260,166358.11,2535515.25,台南市南區灣裡路接白砂路(台17甲號公路17.5公里處),啟用,1193,南萣橋,"Nandin Bridge",臺南市
仁德區,二仁溪流域,二仁溪,120.2260833,22.9155000,170613.04,2535135.01,台南市仁德區二仁路一段台1線公路(340公里處),啟用,1192,二層行橋,"Erntsuncin Bridge",臺南市
田寮區,二仁溪流域,二仁溪,120.3621667,22.8756944,184553.582732321,2530660.12217679,高雄市田寮區崗山頭高139線(1公里處),啟用,1191,崇德橋,"Chongdeda Bridge",高雄市
田寮區,二仁溪流域,二仁溪,120.3963350,22.8880181,188065.19,2532010.03,高雄市田寮區月球路(台28線9公里處),啟用,1190,古亭橋,"Gootin Bridge",高雄市
永康區,鹽水溪流域,鹽水溪,120.2822019,23.0209389,176426.89,2546781.99,台南市永康區180線公路(8.5公里處),停用,1189,新灣橋,"Sinwun Bridge",臺南市
安南區,鹽水溪流域,鹽水溪,120.1924681,23.0197731,167228.21,2546700.77,台南市安南區文寶路台17甲公路,啟用,1188,鹽水溪橋,"Yanshuei River Bridge",臺南市
永康區,鹽水溪流域,鹽水溪,120.2155461,23.0249911,169596.90,2547265.76,台南市永康區台19線公路(138.5公里處),啟用,1187,溪頂寮大橋(原為太平橋),"Taiping Bridge",臺南市
新市區,鹽水溪流域,鹽水溪,120.2770993,23.0582166,175922.517319282,2550894.85742898,台南市新市區台1線公路(319公里處),啟用,1186,豐化橋,"Fonhua Bridge",臺南市
新化區,鹽水溪流域,鹽水溪,120.3582500,23.0723000,184246.87,2552433.47,台南市新化區那菝林台20線19公里處,啟用,1185,千鳥橋,"Chenniao Bridge",臺南市
左鎮區,鹽水溪流域,鹽水溪,120.3632056,23.0592164,184748.32,2550982.39,台南市左鎮區光山農路,啟用,1184,同心橋,"Tonsin Bridge",臺南市
山上區,曾文溪流域,菜寮溪,120.3698981,23.0970608,185452.18,2555170.26,台南市山上區山上里南184線,啟用,1183,玉峰大橋(取代舊橋),"Yufonda Bridge",臺南市
安南區,曾文溪流域,曾文溪,120.1348200,23.0858000,161362.23,2554046.49,台南市安南區台17線174.5公里處,啟用,1182,國姓橋(原為國聖橋),"Guoshen Bridge",臺南市
西港區,曾文溪流域,曾文溪,120.2049361,23.1087689,168559.81,2556549.29,台南市西港區台19線公路(129公里處),啟用,1181,西港大橋,"Sigangda Bridge",臺南市
麻豆區,曾文溪流域,曾文溪,120.2607289,23.1714611,174310.23,2563461.87,台南市麻豆區台19甲線18.5公里處,啟用,1180,麻善大橋,"Marsonda Bridge",臺南市
善化區,曾文溪流域,曾文溪,120.3380739,23.1555419,182221.39,2561660.87,台南市善化區台1線公路(306公里處),啟用,1179,曾文溪橋,"Zengwun River Bridge",臺南市
山上區,曾文溪流域,曾文溪,120.3644870,23.1031440,184900.79,2555846.32,台南市山上區新莊里178線27公里處,停用,1178,山上水源地,"Shanshang Water source",臺南市
大內區,曾文溪流域,曾文溪,120.3843880,23.1156619,186945.26,2557223.79,台南市大內區178線,啟用,1177,二溪大橋,"Erncida Bridge",臺南市
玉井區,曾文溪流域,曾文溪,120.4583131,23.1178810,194518.20,2557439.51,台南市玉井區台20線公路35公里處,啟用,1176,玉井橋,"Yujing Bridge",臺南市
楠西區,曾文溪流域,曾文溪,120.4880931,23.1923008,197597.40,2565669.61,台南市楠西區174線55公里處,啟用,1175,曾文一橋(原為曾文一號橋),"Zengwun no.1 Bridge",臺南市
將軍區,將軍溪流域,將軍溪,120.1050870,23.2210420,158407.91,2569042.16,台南市將軍區,停用,1174,引水口,Intake,臺南市
將軍區,將軍溪流域,將軍溪,120.1356410,23.2288870,161540.37,2569892.02,台南市將軍區台17線公路(158公里處),停用,1173,將軍溪橋,"Jiangjyun River Bridge",臺南市
學甲區,將軍溪流域,將軍溪,120.1739390,23.2254820,165457.89,2569492.13,台南市學甲區南19線公路(1公里處),停用,1172,華宗橋,"Huadzon Bridge",臺南市
佳里區,將軍溪流域,將軍溪,120.1878790,23.2030310,166870.73,2566997.78,台南市佳里區台19線公路(117公里處),停用,1171,新城橋,"Sincheng Bridge",臺南市
麻豆區,將軍溪流域,將軍溪,120.2067720,23.2081040,168807.78,2567548.90,台南市麻豆區縣171線公路(11.7公里處),停用,1170,文瑞橋,"Wenrei Bridge",臺南市
北門區,急水溪流域,急水溪,120.1443031,23.2915881,162467.85,2576830.59,台南市北門區南鯤鯓台17線公路(148.9公里處),啟用,1169,五王大橋(原為南鯤鯓),Nankunsan,臺南市
學甲區,急水溪流域,急水溪,120.2035556,23.2535278,168506.12,2572581.08,台南市學甲區台19線公路(110.9公里處),啟用,1168,宅港橋,"Jhaigon Bridge",臺南市
柳營區,急水溪流域,急水溪,120.3241400,23.2961150,180866.99,2577234.68,台南市柳營區台1線公路(291公里處),啟用,1167,台1線急水溪橋,"Jishueici Bridge",臺南市
白河區,急水溪流域,六重溪,120.4071881,23.3386939,189381.43,2581912.74,台南市白河區縣165線公路(15公里處),啟用,1166,青葉橋,"Chinyie Bridge",臺南市
白河區,急水溪流域,白水溪,120.4542358,23.3630089,194202.61,2584586.48,台南市白河區木屐寮南93線公路,啟用,1165,行甘橋（原為甘宅二號橋）,Mugiliao,臺南市
北門區,八掌溪流域,八掌溪,120.1527778,23.3127778,163348.53,2579172.16,台南市北門區台17線公路(279.1公里處),啟用,1164,嘉南大橋,"Chiananda Bridge",臺南市
鹽水區,八掌溪流域,八掌溪,120.2526111,23.3289722,173568.89,2580909.36,台南市鹽水區台19線公路(98公里處),啟用,1163,厚生橋,"Hocin Bridge",臺南市
水上鄉,八掌溪流域,八掌溪,120.3823056,23.4039167,186867.87,2589146.33,嘉義縣水上鄉台1線公路(274公里處),啟用,1162,八掌溪橋,"Bajhang River Bridge",嘉義縣
東區,八掌溪流域,八掌溪,120.4580556,23.4589167,194633.06,2595206.04,嘉義市東區吳鳳南路,啟用,1161,軍輝橋,"Jyunhui Bridge",嘉義市
中埔鄉,八掌溪流域,八掌溪,120.5507778,23.4512500,204103.38,2594324.4,嘉義縣中埔鄉阿里山公路(台18線公路14.8公里處),啟用,1160,五虎寮橋(取代舊橋),"Wuhuliao Bridge",嘉義縣
番路鄉,八掌溪流域,八掌溪,120.6059167,23.4388611,209733.18,2592935.94,嘉義縣番路鄉台18線公路(20公里處),啟用,1159,觸口橋,"Chuko Bridge",嘉義縣
東石鄉,朴子溪流域,朴子溪,120.1774289,23.4592450,165962.34,2595378.31,嘉義縣東石鄉嘉168線公路,啟用,1158,東石大橋,"Dongshihda Bridge",嘉義縣
朴子市,朴子溪流域,朴子溪,120.2450608,23.4756061,172881.72,2597152.37,嘉義縣朴子市台19線公路(80.5公里處),啟用,1157,朴子大橋（原為朴子溪橋）,"Puzih River Bridge",嘉義縣
六腳鄉,朴子溪流域,朴子溪,120.2932600,23.4820600,177809.04,2597842.09,嘉義縣六腳鄉嘉57線公路(5.5公里處),啟用,1156,介壽橋,"Jieshou Bridge",嘉義縣
新港鄉,朴子溪流域,朴子溪,120.3604161,23.5140911,184684.79,2601357.25,嘉義縣新港鄉縣159線公路(9.5公里處),啟用,1155,月眉潭橋,"Yuemeitan Bridge",嘉義縣
東區,朴子溪流域,朴子溪,120.4434031,23.5137639,193159.59,2601285.72,嘉義市東區忠孝路(台1線公路)與工業路交會,啟用,1154,牛稠溪橋,"Neochoci Bridge",嘉義市
竹崎鄉,朴子溪流域,朴子溪,120.5562131,23.5269311,204684.58,2602703.76,嘉義縣竹崎鄉竹崎親水公園上游(嘉120縣),啟用,1153,松竹大橋,"Songchiuda Bridge",嘉義縣
口湖鄉,北港溪流域,北港溪(雲),120.1779339,23.5137939,166048.48,2601419.18,雲林縣口湖鄉17號公路118km處,啟用,1152,雲嘉大橋,"Yunchiada Bridge",雲林縣
水林鄉,北港溪流域,北港溪(雲),120.2630030,23.5354420,174748.62,2603769.49,雲林縣水林鄉後寮村溪墘厝安和國小旁,停用,1151,後寮村,"Houliao Village",雲林縣
北港鎮,北港溪流域,北港溪(雲),120.3035833,23.5620278,178906.524650768,2606693.05260079,雲林縣北港鎮19號公路68km處(中央公路),啟用,1150,北港觀光大橋（原為觀光大橋）,"Beigangda Bridge",雲林縣
虎尾鎮,北港溪流域,虎尾溪,120.4186350,23.6814511,190705.62,2619866.30,雲林縣虎尾鎮延平里158甲公路22.5km處,啟用,1149,土庫大橋,"Tokooda Bridge",雲林縣
斗六市,北港溪流域,虎尾溪,120.5234350,23.7312150,201412.96,2625337.80,雲林縣斗六市大美村雲74公路9.5km處,啟用,1148,榮橋,"Rong Bridge",雲林縣
斗六市,北港溪流域,虎尾溪,120.5732700,23.7186030,206489.65,2623924.96,雲林縣斗六市3號公路258km處,啟用,1147,石榴班橋,"Shihliuban Bridge",雲林縣
斗六市,北港溪流域,北港溪(雲),120.5907711,23.7092200,208271.14,2622880.60,雲林縣梅南里南仁路173號旁,停用,1146,梅林橋,"Meilin Bridge",雲林縣
東勢鄉,新虎尾溪流域,新虎尾溪,120.2457239,23.7403989,173104.07,2626477.31,雲林縣東勢鄉17號公路88km處,啟用,1145,海豐橋,"Hifon Bridge",雲林縣
崙背鄉,新虎尾溪流域,新虎尾溪,120.3473489,23.7420461,183465.57,2626608.52,雲林縣崙背鄉19號公路46km處,啟用,1144,豐橋,"Fon Bridge",雲林縣
虎尾鎮,新虎尾溪流域,新虎尾溪,120.4223819,23.7435131,191115.65,2626737.92,雲林縣虎尾鎮145號公路17.5km處,啟用,1143,吳厝橋(原為中正橋),"Jhongjheng Bridge",雲林縣
莿桐鄉,新虎尾溪流域,新虎尾溪,120.4970181,23.7508470,198727.33,2627521.23,雲林縣莿桐鄉莿桐村1號公路233km處,啟用,1142,新虎尾溪橋,"Sinhuwei River Bridge",雲林縣
莿桐鄉,新虎尾溪流域,新虎尾溪,120.5081758,23.7514670,199864.97,2627585.92,雲林縣莿桐鄉台一丁公路1.5km處,啟用,1141,莿桐一號橋,"Cihtong no. 1 Bridge",雲林縣
竹山鎮,濁水溪流域,清水溪(投),120.6569711,23.7591750,215034.91,2628395.03,南投縣竹山鎮3號公路246km處,啟用,1140,南雲大橋,"Nanyunda Bridge",南投縣
西螺鎮,濁水溪流域,濁水溪,120.4694722,23.8097500,195943.673963531,2634054.7764694,"雲林縣西螺鎮台 1 線公路 225 km 處",啟用,1139,溪州大橋（取代西螺大橋）,"Xizhou Bridge",雲林縣
名間鄉,濁水溪流域,濁水溪,120.7058461,23.8178040,220030.24,2634876.75,南投縣名間鄉3號公路34km處,啟用,1138,名竹大橋,"Minchiuda Bridge",南投縣
竹山鎮,濁水溪流域,濁水溪,120.7631250,23.8168530,225865.94,2634760.52,南投縣竹山鎮富州里台三丙公路6km處,停用,1137,集集大橋,"Gigida Bridge",南投縣
水里鄉,濁水溪流域,濁水溪,120.8434800,23.8084050,234051.90,2633813.58,南投縣水里鄉縣131公路35km處,啟用,1136,玉峰大橋,"Yufonda Bridge",南投縣
福興鄉,鹿港溪流域,鹿港溪,120.4300980,24.0484300,192038.34,2660504.12,彰化縣福興鄉沿海路五段264號旁,停用,1135,福興橋,"Fusing Bridge",彰化縣
福興鄉,鹿港溪流域,鹿港溪,120.4863090,24.0108580,197740.18,2656320.97,彰化縣福興鄉彰水路11號,停用,1134,萬豐橋(原為萬祥橋),"Wanfon Bridge",彰化縣
埔心鄉,鹿港溪流域,鹿港溪,120.5412180,23.9664350,203310.36,2651381.85,彰化縣埔心鄉瑤鳳路二段416巷109號,停用,1133,油車橋,"Yucheo Bridge",彰化縣
員林市,鹿港溪流域,鹿港溪,120.5942430,23.9163350,208690.76,2645816.83,彰化縣員林雅新路與鹿港溪交叉口,停用,1132,東茂橋,"Dongmou Bridge",彰化縣
烏日區,烏溪流域,筏子溪,120.6149939,24.1063361,210860.92,2666853.34,台中市烏日區12甲公路大鐘印染旁,啟用,1131,集泉橋,"Gichen Bridge",臺中市
西屯區,烏溪流域,筏子溪,120.6279361,24.1771019,212197.43,2674687.15,台中市西屯區中港路三段44-8號,啟用,1130,東海橋,"Donghi Bridge",臺中市
國姓鄉,烏溪流域,南港溪(投),120.8440200,24.0179990,234132.54,2657025.26,南投縣國姓鄉中正路二段213號,啟用,1129,柑子林橋,"Gandzulin Bridge",南投縣
國姓鄉,烏溪流域,南港溪(投),120.8715289,23.9830039,236927.42,2653146.81,南投縣國姓鄉中正路四段210-1號,啟用,1128,北山橋,"Beisan Bridge",南投縣
埔里鎮,烏溪流域,南港溪(投),120.9465111,23.9669190,244556.56,2651360.54,南投縣埔里鎮中山路三段741號,啟用,1127,愛蘭橋,"Ailan Bridge",南投縣
烏日區,烏溪流域,大里溪,120.6433711,24.0920681,213741.71,2665265.53,台中市烏日區127號公路友勝鋼鐵旁,啟用,1126,溪南橋,"Sinan Bridge",臺中市
大里區,烏溪流域,大里溪,120.6890861,24.0938781,218390.01,2665454.93,台中市大里區元提路二段12號,啟用,1125,大里橋,"Dali Bridge",臺中市
北屯區,烏溪流域,大里溪,120.7377719,24.1784761,223357.35,2674814.05,台中市北屯區東山路一段428號,啟用,1124,逢甲橋,"Fongia Bridge",臺中市
芬園鄉,烏溪流域,貓羅溪,120.6375689,24.0134681,213129.35,2656562.14,彰化縣芬園鄉社口村復興路59號,啟用,1123,利民橋,"Limin Bridge",彰化縣
草屯鎮,烏溪流域,貓羅溪,120.6574539,23.9523980,215135.86,2649793.67,南投縣草屯鎮草溪路9-1號旁,啟用,1122,平林橋（貓羅溪）,"Pinlin Bridge",南投縣
中寮鄉,烏溪流域,貓羅溪,120.7577769,23.8825319,225333.47,2642035.08,南投縣中寮鄉親寮段454號,啟用,1121,中正橋,"Jhongjheng Bridge",南投縣
龍井區,烏溪流域,烏溪,120.5087740,24.1905340,200095.34,2676212.17,台中市龍井區17號公路,停用,1120,中彰大橋,"Jhongchangda Bridge",臺中市
大肚區,烏溪流域,烏溪,120.5821369,24.1059300,207520.56,2666817.92,台中市大肚區1號公路(臨彰化縣彰化市1號公路184.5處),啟用,1119,大度橋(原為大肚橋),"Dadu Bridge",臺中市
霧峰區,烏溪流域,烏溪,120.6955969,24.0089369,219031.58,2656046.33,台中市霧峰區3號公路,啟用,1118,烏溪橋,"Wu River Bridge",臺中市
國姓鄉,烏溪流域,烏溪,120.8269119,24.0270469,232393.40,2658029.33,南投縣國姓鄉136號公路,啟用,1117,乾峰橋,"Chenfon Bridge",南投縣
大甲區,大甲溪流域,大甲溪,120.6049050,24.3154700,209900.79,2690018.18,台中市大甲區1號公路169km處,啟用,1116,大甲溪橋,"Dajia River Bridge",臺中市
神岡區,大甲溪流域,大甲溪,120.6947069,24.2839310,219007.42,2686502.21,台中市國道一號164km處,啟用,1115,高速公路橋,"Hiway Bridge",臺中市
后里區,大甲溪流域,大甲溪,120.7228050,24.2826861,221859.61,2686358.38,台中市后里區13號公路,啟用,1114,后豐大橋,"Houfonda Bridge",臺中市
豐原區,大甲溪流域,大甲溪,120.7739722,24.2750556,227052.67167754,2685503.90319055,臺中市石岡區台3線163公里處(大勇街底),啟用,1113,金星橋（取代朴子口）,"Jinxing Bridge",臺中市
石岡區,大甲溪流域,大甲溪,120.7798147,24.2837500,227647.35,2686465.87,台中市石岡區石城街,啟用,1112,長庚橋(取代石岡壩),"Shihgang Dam",臺中市
東勢區,大甲溪流域,大甲溪,120.8200319,24.2608461,231726.83,2683923.37,台中市東勢區台3號公路22km處,啟用,1111,東勢大橋(原名東豐大橋),"Dongfonda Bridge",臺中市
東勢區,大甲溪流域,大甲溪,120.8379181,24.1719361,233531.50,2674074.31,台中市東勢區台8號10.5km處,啟用,1110,龍安橋,"Longanda Bridge",臺中市
和平區,大甲溪流域,大甲溪,120.9746939,24.1748900,247428.81,2674392.15,台中市和平區台8線29.5km處,啟用,1109,松鶴橋(原為長青橋),"Changcing Bridge",臺中市
大甲區,大安溪流域,大安溪,120.6105972,24.4014167,210505.19,2699535.49,台中市台61線西濱快速道路135公里處,啟用,1108,西濱快速道路(取代大安溪出海口),"Da-an River Mouth",臺中市
大甲區,大安溪流域,大安溪,120.6449161,24.3705750,213977.25,2696110.30,台中市大甲區1號公路(經國路),啟用,1107,大安溪橋,"Da-an River Bridge",臺中市
三義鄉,大安溪流域,大安溪,120.7342222,24.3486667,223032.63,2693663.63,苗栗縣三義鄉13號公路(尖豐公路),啟用,1106,義里大橋,"Yilida Bridge",苗栗縣
卓蘭鎮,大安溪流域,大安溪,120.8173210,24.3076950,231458.38,2689112.32,苗栗縣卓蘭鎮台3號公路(中豐新路),啟用,1105,卓蘭大橋(原為蘭勢橋),"Lanshih Bridge",苗栗縣
卓蘭鎮,大安溪流域,大安溪,120.9105278,24.2943611,240917.78,2687626.32,苗栗縣卓蘭鎮內彎里東盛84之5號,啟用,1104,白布帆大橋,"Beifan Bridge",苗栗縣
西湖鄉,西湖溪流域,西湖溪,120.7526010,24.5632681,224939.95,2717428.25,苗栗縣西湖鄉台1號公路119號公路交會處,啟用,1103,西湖橋(原名四湖橋),"Sihhu Bridge",苗栗縣
西湖鄉,西湖溪流域,西湖溪,120.7478719,24.5333390,224454.85,2714114.30,苗栗縣西湖鄉四湖村縣119號公路9km處,啟用,1102,龍壽橋,"Longsho Bridge",苗栗縣
銅鑼鄉,西湖溪流域,西湖溪,120.7805989,24.4941931,227763.82,2709773.02,苗栗縣銅鑼鄉縣128號公路14km處,啟用,1101,竹森橋（原為竹森大橋）,"Tongluo Bridge",苗栗縣
後龍鎮,後龍溪流域,後龍溪,120.7842980,24.6087439,228158.56,2722459.59,苗栗縣後龍鎮台1號公路110km處,啟用,1100,後龍溪橋,"Houlong River Bridge",苗栗縣
後龍鎮,後龍溪流域,後龍溪,120.8255631,24.5948969,232335.03,2720920.02,苗栗縣後龍鎮北勢村台13甲公路11km處,啟用,1099,北勢大橋,"Peishih Bridge",苗栗縣
頭屋鄉,後龍溪流域,後龍溪,120.8394444,24.5612500,233736.427537893,2717191.71873252,"苗栗縣頭屋鄉台 6 線公路 14 km 處(玉清路)",啟用,1098,玉清大橋（取代頭屋大橋）,"Yuqing Bridge",苗栗縣
公館鄉,後龍溪流域,後龍溪,120.8159169,24.5364400,231349.52,2714446.85,苗栗縣公館鄉6號公路12km處,啟用,1097,龜山橋,"Gueishan Bridge",苗栗縣
造橋鄉,中港溪流域,南港溪(苗),120.8678510,24.6558989,236623.96,2727671.62,苗栗縣造橋鄉1號公路98km處,啟用,1096,南港溪橋,"Nangang River Bridge",苗栗縣
頭份市,中港溪流域,中港溪,120.8817000,24.6669460,238026.80,2728893.88,苗栗縣頭份市尖山台1號與13號公路交叉口,啟用,1095,尖山大橋(取代中港溪橋),"Jhonggang River Bridge",苗栗縣
頭份市,中港溪流域,中港溪,120.9079069,24.6805519,240680.23,2730398.80,苗栗縣頭份鎮水源路,啟用,1094,東興大橋,"Dongcin Bridge",苗栗縣
三灣鄉,中港溪流域,中港溪,120.9492131,24.6758869,244860.20,2729879.94,苗栗縣三灣鄉內灣村台3號公路92km處,啟用,1093,平安大橋,"Pinanda Bridge",苗栗縣
三灣鄉,中港溪流域,中港溪,120.9591131,24.6618981,245861.65,2728330.25,苗栗縣三灣鄉台3號公路98km處,啟用,1092,三灣大橋,"Sanwanda Bridge",苗栗縣
南庄鄉,中港溪流域,中港溪,121.0109430,24.6334600,251107.85,2725179.99,苗栗縣南庄鄉124甲公路21km處,停用,1091,田美大橋,"Teinmeda Bridge",苗栗縣
香山區,客雅溪流域,客雅溪,120.9253569,24.8032281,242453.57,2743985.10,新竹市香山區虎林里延平路三段旁,啟用,1090,香雅橋,"Siangya Bridge",新竹市
北區,客雅溪流域,客雅溪,120.9588139,24.7967361,245835.86,2743264.62,新竹市北區中華路二段鐵道路,啟用,1089,客雅溪橋,"Keya River Bridge",新竹市
東區,客雅溪流域,客雅溪,120.9698056,24.7756528,246946.67,2740929.17,新竹市東區高峰里明湖路煙波飯店旁,啟用,1088,鳳凰橋(原為青草湖),"Chintsao Lake",新竹市
竹東鎮,頭前溪流域,上坪溪,121.1032939,24.7226750,260449.77,2735065.06,新竹縣竹東鎮3號公路,啟用,1087,竹東大橋,"Jhudongda Bridge",新竹縣
竹東鎮,頭前溪流域,上坪溪,121.1030450,24.6900186,260427.31,2731448.09,新竹縣竹東鎮東峰路(縣122號道),啟用,1086,寶山水庫取水口,"Paosan Reservoir water Intake",新竹縣
橫山鄉,頭前溪流域,上坪溪,121.1190790,24.6680600,262051.93,2729017.33,新竹縣橫山鄉上坪竹35號道,啟用,1085,瑞昌大橋(原為瑞豐大橋),"Wanfonda Bridge",新竹縣
橫山鄉,頭前溪流域,油羅溪,121.1832389,24.7020320,268540.51,2732787.14,新竹縣橫山鄉內灣村縣120號公路旁,啟用,1084,內灣吊橋,"Neiwun Suspension Bridge",新竹縣
北區,頭前溪流域,頭前溪,120.9792961,24.8250911,247907.20,2746404.72,新竹市北區湳雅里竹54-2號道,啟用,1083,湳雅取水口(取代溪洲大橋),"Sichiuda Bridge",新竹市
東區,頭前溪流域,頭前溪,120.9970100,24.8228950,249697.76,2746161.33,新竹市東區台一省道與東西向快速道路交會口附近,啟用,1082,頭前溪橋,"Toucian River Bridge",新竹市
竹東鎮,頭前溪流域,頭前溪,121.0576161,24.7856880,255825.82,2742041.55,新竹縣竹東鎮麻園肚縣120號公路旁,啟用,1081,中正大橋,"Jhongjhengda Bridge",新竹縣
竹東鎮,頭前溪流域,頭前溪,121.0935961,24.7476839,259466.79,2737834.29,新竹縣竹東鎮123號公路,啟用,1080,竹林大橋,"Jhulinda Bridge",新竹縣
新豐鄉,新豐溪流域,茄苳溪(竹),120.9719536,24.9089675,247166.91,2755694.99,新竹縣新豐鄉紅毛(紅毛港遊憩區),啟用,1079,紅樹林橋(原為紅毛港大橋),"Honmoa Harbor",新竹縣
新豐鄉,新豐溪流域,茄苳溪(竹),120.9825840,24.9005910,248240.63,2754767.05,新竹縣新豐鄉新庄路(竹1縣5公里處),停用,1078,坑子口橋,"Kendzuko Bridge",新竹縣
新豐鄉,新豐溪流域,茄苳溪(竹),120.9864669,24.8877350,248632.73,2753343.05,新竹縣新豐鄉象鼻村竹3線與竹5-1線交會口附近,啟用,1077,象鼻橋,"Siangbee Bridge",新竹縣
新豐鄉,新豐溪流域,茄苳溪(竹),120.9975920,24.8710110,249756.69,2751490.65,新竹縣新豐鄉台一省道與新興路222號旁,停用,1076,員山橋,"Yuanshan Bridge",新竹縣
新豐鄉,新豐溪流域,茄苳溪(竹),120.9955531,24.8690960,249550.66,2751278.53,新竹縣新豐鄉台一省道與新興路188號旁,啟用,1075,圓山橋（原為山崎橋）,"Shanchee Bridge",新竹縣
湖口鄉,新豐溪流域,茄苳溪(竹),121.0035700,24.8630130,250360.76,2750604.80,新竹縣湖口鄉竹9線(光榮路),停用,1074,茄苳一號橋,"Jialdong no. 1 Bridge",新竹縣
竹北市,鳳山溪流域,鳳山溪,120.9423611,24.8572500,244175.224957078,2749967.69858711,新竹縣竹北市鳳崗路五段交接水防道路五段,啟用,1073,水月橋（取代台15線鳳山溪橋）,"Fonggonda Bridge",新竹縣
竹北市,鳳山溪流域,鳳山溪,121.0048019,24.8525760,250485.28,2749448.78,新竹縣竹北市台1號省道,啟用,1072,台1線鳳山溪橋,"Fongshan River Bridge",新竹縣
新埔鎮,鳳山溪流域,鳳山溪,121.0656869,24.8256811,256639.76,2746471.51,新竹縣新埔鎮118號公路,啟用,1071,新埔大橋,"Sinpooda Bridge",新竹縣
關西鎮,鳳山溪流域,鳳山溪,121.1756531,24.7855550,267761.09,2742037.00,新竹縣關西鎮3號公路與竹25線交會口附近,啟用,1070,渡船大橋,"Doochunda Bridge",新竹縣
香山區,鹽港溪流域,鹽港溪,120.9062950,24.7408219,240521.67,2737074.27,新竹市香山區內湖里台13線,啟用,1069,誠仁橋,"Chenren Bridge",新竹市
香山區,鹽港溪流域,鹽港溪,120.9171340,24.7299750,241617.32,2735872.18,新竹市香山區中隘里台一省道旁,啟用,1068,中隘橋,"Jhongai Bridge",新竹市
寶山鄉,鹽港溪流域,鹽港溪,120.9643811,24.7299069,246396.81,2735862.57,新竹縣寶山鄉新城村竹47號道,啟用,1067,新城橋,"Sincheng Bridge",新竹縣
新豐鄉,福興溪流域,福興溪,121.0027160,24.9399011,250274.29,2759120.93,新竹縣新豐鄉後湖村省15號公路(西濱公路),啟用,1066,深坑橋,"Shenkeng Bridge",新竹縣
新屋區,福興溪流域,福興溪,121.0459569,24.9434461,254641.01,2759514.36,桃園市新屋區邱厝桃竹107線,啟用,1065,新湖橋,"Sinhoo Bridge",桃園市
楊梅區,福興溪流域,福興溪,121.0881331,24.9439439,258900.19,2759571.60,桃園市楊梅區員笨桃104線,啟用,1064,員笨橋,"Yuanben Bridge",桃園市
新屋區,社子溪流域,社子溪,121.0273061,24.9829919,252756.66,2763894.00,桃園市新屋區154號公路,啟用,1063,笨子港橋,"Bendzugon Bridge",桃園市
新屋區,社子溪流域,社子溪,121.0940469,24.9608469,259496.10,2761444.20,桃園市新屋區東明村中興路中華南路24巷交會口附近,啟用,1062,社子橋,"Shezih Bridge",桃園市
楊梅區,社子溪流域,社子溪,121.1237411,24.9357900,262496.92,2758671.27,桃園市楊梅區115號公路(楊新路一段),啟用,1061,老飯店橋,"Laofandian Bridge",桃園市
楊梅區,社子溪流域,社子溪,121.1462769,24.9187550,264774.89,2756786.72,桃園市楊梅區水美里海高路旁,啟用,1060,月眉橋,"Yuemei Bridge",桃園市
楊梅區,社子溪流域,社子溪,121.1516230,24.9031131,265316.82,2755054.80,桃園市楊梅區永寧里校前路旁,啟用,1059,永寧一號橋,"Yunin no. 1 Bridge",桃園市
大園區,老街溪流域,老街溪,121.1776119,25.0774436,267916.91,2774367.17,桃園市大園區內海村潮音路,啟用,1058,許厝港一號橋,"Shiutsugan No.1",桃園市
大園區,老街溪流域,老街溪,121.1963969,25.0637581,269814.08,2772853.94,桃園市大園區田心村中山南路中正西路交叉口附近,啟用,1057,中正橋,"Jhongjheng Bridge",桃園市
中壢區,老街溪流域,老街溪,121.2093447,25.0049556,271130.44,2766342.77,桃園市中壢區公園路一段,啟用,1056,公園橋上游(原為青埔橋),"Shinpoo Bridge",桃園市
平鎮區,老街溪流域,老街溪,121.2100950,24.9433769,271216.73,2759522.32,桃園市平鎮區宋屋村過嶺圳環南路二段環鄉橋,啟用,1055,環鄉橋(原為宋屋),Songwu,桃園市
平鎮區,老街溪流域,老街溪,121.2124419,24.9248289,271456.94,2757468.28,桃園市平鎮區北勢村113號公路國產實業附近,啟用,1054,北勢橋,"Peishih Bridge",桃園市
龍潭區,老街溪流域,老街溪,121.2132911,24.8742700,271551.49,2751868.47,桃園市龍潭區龍潭村113號公路(中豐路)敏盛醫院旁,啟用,1053,美都麗橋,"Meidooli Bridge",桃園市
蘆竹區,南崁溪流域,茄苳溪(桃),121.2775278,25.0343333,278005.94,2769609.09,桃園市蘆竹區大竹村南竹路,啟用,1052,茄苳溪橋,"Jiadong River Bridge",桃園市
桃園區,南崁溪流域,茄苳溪(桃),121.2826431,25.0097311,278527.82,2766885.15,桃園市桃園區中正里110號公路與國際路口附近,啟用,1051,星見橋,"Singein Bridge",桃園市
桃園區,南崁溪流域,茄苳溪(桃),121.2837103,24.9884964,278640.46,2764533.36,桃園市桃園區上海路與中山路交叉口附近,啟用,1050,宏太橋,"Hontia Bridge",桃園市
大園區,南崁溪流域,南崁溪,121.2507778,25.1021389,275292.595399926,2777114.21286143,桃園市大園區三民路一段附近之田寮橋,啟用,1049,田寮橋（取代竹圍大橋）,"Tianliao Bridge",桃園市
蘆竹區,南崁溪流域,南崁溪,121.2809569,25.0557331,278347.06,2771980.12,桃園市蘆竹區4號公路,啟用,1048,南崁溪橋,"Nankan River Bridge",桃園市
桃園區,南崁溪流域,南崁溪,121.3091139,25.0116481,281199.11,2767103.31,桃園市桃園區春日路與經國路交叉口附近,啟用,1047,大檜溪橋,"Dakwai River Bridge",桃園市
龜山區,南崁溪流域,南崁溪,121.3399500,24.9970219,284315.51,2765490.72,桃園市龜山區台一甲線與光華路交叉口附近,啟用,1046,龜山橋,"Gueishan Bridge",桃園市
龜山區,南崁溪流域,南崁溪,121.3623481,25.0187540,286570.02,2767903.70,桃園市龜山區舊路村105號公路與桃7線交會口附近,啟用,1045,舊路大橋,"Geolooda Bridge",桃園市
三峽區,淡水河流域,三峽河,,,,,新北市三峽區3號公路,停用,1044,橫溪橋,"Hengsi Bridge",新北市
三峽區,淡水河流域,三峽河,,,,,新北市三峽區成福里,停用,1043,竹崙橋,"Jhulun Bridge",新北市
三峽區,淡水河流域,三峽河,121.3748650,24.9346320,287859.04,2758589.53,新北市三峽區3號公路,啟用,1042,三峽大橋,"Sansia Bridge",新北市
三峽區,淡水河流域,三峽河,121.3737769,24.8956389,287761.02,2754270.27,新北市三峽區鳶山北111線,啟用,1041,三峽河抽水站(取代醒心橋),"SingSin Bridge",新北市
樹林區,淡水河流域,大漢溪,121.4046111,24.9682222,290852.160885162,2762318.69329649,新北市樹林區樂山里柑園街一段,啟用,1039,柑園二橋（取代柑園大橋）,"Hocungein Intake",新北市
瑞芳區,淡水河流域,基隆河,121.8286700,25.0881539,333588.05,2775798.02,新北市瑞芳區侯硐車站(北37線),啟用,1038,侯硐車站,"Hodon Station",新北市
瑞芳區,淡水河流域,基隆河,121.8199167,25.0583333,332725.093020428,2772489.39959919,新北市瑞芳區魚寮路三貂嶺步道旁之鐵路支線,啟用,1037,三貂嶺平溪線鐵道（取代貂嶺車站）,"Diolin Station",新北市
龍潭區,淡水河流域,大漢溪,121.2516590,24.8241889,275438.54,2746328.09,桃園市龍潭區台4線與台3乙線交會處附近,啟用,1036,後池堰,"Hochih Weir",桃園市
貢寮區,雙溪流域,雙溪,121.9095289,25.0207100,341794.94,2768379.61,新北市貢寮區102丙公路(貢寮街),啟用,1035,貢寮大橋,"Gongliaoda Bridge",新北市
雙溪區,雙溪流域,雙溪,121.8347690,25.0317969,334241.81,2769559.13,新北市雙溪區上林村北38號道(雙柑公路),啟用,1034,新寮子橋（原為新寮大橋）,"Sinliaoda Bridge",新北市
金山區,磺溪流域,磺溪,121.6309120,25.2273570,313567.39,2791109.59,新北市金山區北22線(三界鹽路)與中山路交會口,啟用,1033,四十號橋,"No. 40 Bridge",新北市
金山區,磺溪流域,磺溪,121.6306240,25.2269530,313538.58,2791064.71,新北市金山區台2線(中山路),啟用,1032,磺溪橋,"Huang River Bridge",新北市
金山區,磺溪流域,磺溪,121.5822730,25.1792090,308689.75,2785754.22,新北市金山區三和村2號公路大油坑旁,啟用,1031,上磺溪橋,"Upper Huang River Bridge",新北市
七堵區,,,,,,,六堵自動測站,停用,1030,六堵自動測站,,基隆市
,愛河流域,愛河,120.2899500,22.6210820,177008.25,2502499.41,高雄市五福三路底,停用,1029,高雄橋,"Kaohsiung Bridge",
,愛河流域,愛河,120.2884700,22.6265290,176858.99,2503103.30,高雄市中正四路底,停用,1028,中正橋,"Jhongjheng Bridge",
,愛河流域,愛河,120.2866240,22.6296380,176670.87,2503448.48,高雄市七賢三路底,停用,1027,七賢橋,"Cisian Bridge",
,愛河流域,愛河,120.2850150,22.6346890,176508.16,2504008.59,高雄市建國三路底,停用,1026,建國橋,"Chenguo Bridge",
,愛河流域,愛河,120.2823540,22.6459380,176240.64,2505255.56,高雄市九如四路底,停用,1025,九如橋,"Jiouru Bridge",
新店區,淡水河流域,景美溪,121.5532681,24.9792661,305856.81,2763594.93,新北市新店區寶橋路,啟用,1024,寶橋,"Bao Bridge",新北市
文山區,淡水河流域,景美溪,121.5720450,24.9920531,307746.55,2765019.15,台北市文山區秀明路一段底,啟用,1023,萬壽橋,"Wanshou Bridge",臺北市
深坑區,淡水河流域,景美溪,121.6214397,25.0012058,312728.3,2766054.9,新北市深坑區文化街與文山路一段62巷交會,啟用,1022,昇高大橋(取代深坑中正橋),"Shenkeng Jhongjheng Bridge",新北市
板橋區,淡水河流域,新店溪,121.4835090,25.0348980,298791.98,2769730.06,新北市板橋區文化路華江橋,啟用,1021,華江大橋,"Huajhian Bridge",新北市
中和區,淡水河流域,新店溪,121.4962700,25.0102131,300089.76,2767000.50,新北市中和區景平路中山路交會處附近,啟用,1020,華中大橋,"Huajhong Bridge",新北市
永和區,淡水河流域,新店溪,121.5142331,25.0213069,301898.18,2768236.06,新北市永和區永和路中正橋,啟用,1019,中正橋,"Jhongjheng Bridge",新北市
新店區,淡水河流域,新店溪,121.5358150,24.9609239,304102.77,2761556.19,新北市新店區北新路,啟用,1018,碧潭吊橋(取代碧潭大橋),"Beetan Bridge",新北市
板橋區,淡水河流域,大漢溪,121.4546200,25.0328661,295877.44,2769494.90,新北市板橋區新海路,啟用,1017,新海大橋,"Cinhi Bridge",新北市
板橋區,淡水河流域,大漢溪,121.4362461,24.9950731,294036.71,2765302.69,新北市板橋區大觀路浮洲橋,啟用,1016,浮洲橋,"Fuchou Bridge",新北市
鶯歌區,淡水河流域,大漢溪,121.3532231,24.9447611,285670.41,2759705.60,新北市鶯歌區文化路三鶯大橋,啟用,1015,三鶯大橋,"Sanying Bridge",新北市
鶯歌區,淡水河流域,大漢溪,121.3414250,24.9307050,284482.87,2758145.67,新北市鶯歌區鳶山攔水堰(北84線底),啟用,1014,板新取水口,"Bansin Intake",新北市
大溪區,淡水河流域,大漢溪,121.2838270,24.8846740,278676.26,2753033.83,桃園市大溪區省三號道路與北83線交會處旁,啟用,1013,大溪橋,"Dahan Bridge",桃園市
士林區,淡水河流域,基隆河,121.5137258,25.0884350,301818.75,2775671.35,台北市士林區承德路百齡橋,啟用,1012,百齡橋,"Bialin Bridge",臺北市
中山區,淡水河流域,基隆河,121.5444539,25.0764581,304923.65,2774356.85,台北市中山區北安路大直橋,啟用,1011,大直橋,"Dajhih Bridge",臺北市
松山區,淡水河流域,基隆河,121.5695161,25.0634669,307458.00,2772928.28,台北市松山區民權東路底與內湖交界處,啟用,1010,民權大橋,"Minchenda Bridge",臺北市
汐止區,淡水河流域,基隆河,121.6556400,25.0685730,316144.45,2773533.22,新北市汐止區汐萬路江北橋,啟用,1009,江北橋,"Jiangpei Bridge",新北市
七堵區,淡水河流域,基隆河,121.6933319,25.0787808,319941.33,2774682.89,基隆市七堵區實踐路,啟用,1008,實踐橋,"Shihgein Bridge",基隆市
七堵區,淡水河流域,基隆河,121.7037589,25.0947711,320983.98,2776459.55,基隆市七堵區工建西路六合橋,啟用,1007,六合橋,"Liuho Bridge",基隆市
暖暖區,淡水河流域,基隆河,121.7416289,25.1028361,324798.94,2777373.34,基隆市暖暖區過港路(台2丁縣旁),啟用,1006,暖江橋,"Nungen Bridge",基隆市
瑞芳區,淡水河流域,基隆河,121.8054000,25.1064039,331228.64,2777805.38,新北市瑞芳區侯硐路介壽橋,啟用,1005,介壽橋,"Jieshou Bridge",新北市
淡水區,淡水河流域,淡水河本流,121.4227450,25.1709011,292612.91,2784773.96,新北市淡水區,啟用,1004,淡水河口,"Danshuei River Mouth",新北市
八里區,淡水河流域,淡水河本流,121.4572369,25.1248169,296107.07,2779680.74,新北市八里區成泰路四段與縣103號道交會處附近,啟用,1003,關渡大橋,"Gwandu Bridge",新北市
士林區,淡水河流域,淡水河本流,121.5027969,25.0841740,300718.11,2775195.23,台北市士林區延平北路旁,啟用,1002,重陽大橋,"Chongyang Bridge",臺北市
中正區,淡水河流域,淡水河本流,121.5002090,25.0511440,300470.59,2771535.67,台北市中正區忠孝西路(中華路附近),啟用,1001,忠孝大橋,"Jhongshou Bridge.",臺北市
